{
  "n_total": 24,
  "n_off": 12,
  "n_in": 12,
  "TP": 11,
  "FP": 0,
  "FN": 1,
  "TN": 12,
  "accuracy": 0.9583333333333334,
  "precision_block": 1.0,
  "recall_block": 0.9166666666666666,
  "f1_block": 0.9565217391304348
}